observation_date,COLCCUSMA02STM
2006-08-01,2388.823043478260
2006-09-01,2398.877619047620
2006-10-01,2363.934545454550
2006-11-01,2290.350909090910
2006-12-01,2260.696666666670
2007-01-01,2236.755217391300
2007-02-01,2227.630500000000
2007-03-01,2201.506363636360
2007-04-01,2146.723809523810
2007-05-01,2011.117391304350
2007-06-01,1923.629523809520
2007-07-01,1949.957272727270
2007-08-01,2057.143913043480
2007-09-01,2117.053500000000
2007-10-01,2002.208260869570
2007-11-01,2046.095909090910
2007-12-01,2013.034761904760
2008-01-01,1983.530000000000
2008-02-01,1903.273809523810
2008-03-01,1842.438571428570
2008-04-01,1796.125909090910
2008-05-01,1776.532272727270
2008-06-01,1723.822857142860
2008-07-01,1783.092173913040
2008-08-01,1843.171428571430
2008-09-01,2066.035000000000
2008-10-01,2290.446086956520
2008-11-01,2331.292500000000
2008-12-01,2253.854782608700
2009-01-01,2250.884090909090
2009-02-01,2513.744500000000
2009-03-01,2471.012272727270
2009-04-01,2380.159545454550
2009-05-01,2231.384285714290
2009-06-01,2090.594090909090
2009-07-01,2050.690000000000
2009-08-01,2017.782857142860
2009-09-01,1980.765909090910
2009-10-01,1902.698636363640
2009-11-01,1974.425714285710
2009-12-01,2017.865652173910
2010-01-01,1980.856666666670
2010-02-01,1952.892500000000
2010-03-01,1909.010000000000
2010-04-01,1938.675909090910
2010-05-01,1983.585238095240
2010-06-01,1927.685454545450
2010-07-01,1873.315454545450
2010-08-01,1823.429545454550
2010-09-01,1803.961363636360
2010-10-01,1810.180952380950
2010-11-01,1871.784090909090
2010-12-01,1922.139130434780
2011-01-01,1865.083333333330
2011-02-01,1882.732500000000
2011-03-01,1882.213043478260
2011-04-01,1806.269047619050
2011-05-01,1802.999545454550
2011-06-01,1781.256818181820
2011-07-01,1761.723809523810
2011-08-01,1786.233913043480
2011-09-01,1841.959090909090
2011-10-01,1909.154285714290
2011-11-01,1921.464545454550
2011-12-01,1934.224545454550
2012-01-01,1847.515909090910
2012-02-01,1786.543333333330
2012-03-01,1767.793181818180
2012-04-01,1773.892857142860
2012-05-01,1795.907391304350
2012-06-01,1788.877142857140
2012-07-01,1784.903181818180
2012-08-01,1807.772173913040
2012-09-01,1802.368500000000
2012-10-01,1805.740000000000
2012-11-01,1819.583181818180
2012-12-01,1791.352380952380
2013-01-01,1770.023913043480
2013-02-01,1794.198000000000
2013-03-01,1813.453809523810
2013-04-01,1830.091363636360
2013-05-01,1853.722272727270
2013-06-01,1910.187500000000
2013-07-01,1900.163478260870
2013-08-01,1904.411363636360
2013-09-01,1917.923809523810
2013-10-01,1884.893043478260
2013-11-01,1923.470952380950
2013-12-01,1933.276190476190
2014-01-01,1964.110909090910
2014-02-01,2042.631000000000
2014-03-01,2017.021904761900
2014-04-01,1936.680476190480
2014-05-01,1915.203181818180
2014-06-01,1887.066190476190
2014-07-01,1858.366304347830
2014-08-01,1899.139761904760
2014-09-01,1976.424090909090
2014-10-01,2048.908260869570
2014-11-01,2133.388500000000
2014-12-01,2351.756739130430
2015-01-01,2400.168409090910
2015-02-01,2422.994500000000
2015-03-01,2593.464772727270
2015-04-01,2492.766363636360
2015-05-01,2444.315238095240
2015-06-01,2561.667045454550
2015-07-01,2743.140434782610
2015-08-01,3027.064047619050
2015-09-01,3074.955227272730
2015-10-01,2923.115681818180
2015-11-01,3007.220714285710
2015-12-01,3243.241304347830
2016-01-01,3287.157619047620
2016-02-01,3356.246190476190
2016-03-01,3124.168695652170
2016-04-01,2992.575000000000
2016-05-01,3002.173863636360
2016-06-01,2985.018409090910
2016-07-01,2971.474047619050
2016-08-01,2956.525000000000
2016-09-01,2919.149090909090
2016-10-01,2938.747380952380
2016-11-01,3109.397045454550
2016-12-01,3003.960227272730
2017-01-01,2941.918181818180
2017-02-01,2880.984500000000
2017-03-01,2941.716521739130
2017-04-01,2876.237000000000
2017-05-01,2920.386739130430
2017-06-01,2966.522500000000
2017-07-01,3034.358809523810
2017-08-01,2971.017173913040
2017-09-01,2917.877857142860
2017-10-01,2960.133409090910
2017-11-01,3014.114090909090
2017-12-01,2990.190952380950
2018-01-01,2866.495869565220
2018-02-01,2860.524250000000
2018-03-01,2842.387500000000
2018-04-01,2765.226428571430
2018-05-01,2863.576739130430
2018-06-01,2893.080714285710
2018-07-01,2885.532500000000
2018-08-01,2965.266304347830
2018-09-01,3033.466500000000
2018-10-01,3092.216521739130
2018-11-01,3198.373409090910
2018-12-01,3216.619523809520
2019-01-01,3160.838260869570
2019-02-01,3112.360000000000
2019-03-01,3131.565952380950
2019-04-01,3158.608181818180
2019-05-01,3311.943043478260
2019-06-01,3250.837250000000
2019-07-01,3212.276521739130
2019-08-01,3419.289090909090
2019-09-01,3403.977857142860
2019-10-01,3431.768478260870
2019-11-01,3412.555238095240
2019-12-01,3366.764318181820
2020-01-01,3321.720869565220
2020-02-01,3415.272750000000
2020-03-01,3908.307772727270
2020-04-01,3973.602045454550
2020-05-01,3853.472380952380
2020-06-01,3701.385909090910
2020-07-01,3659.322826086960
2020-08-01,3788.980714285710
2020-09-01,3756.741818181820
2020-10-01,3832.831136363640
2020-11-01,3674.117857142860
2020-12-01,3461.581956521740
2021-01-01,3494.952380952380
2021-02-01,3551.996750000000
2021-03-01,3618.258478260870
2021-04-01,3654.613863636360
2021-05-01,3737.571428571430
2021-06-01,3687.400909090910
2021-07-01,3835.867045454550
2021-08-01,3882.250454545450
2021-09-01,3823.625454545450
2021-10-01,3768.999285714290
2021-11-01,3906.607500000000
2021-12-01,3969.679130434780
2022-01-01,4002.745714285710
2022-02-01,3934.644250000000
2022-03-01,3799.549130434780
2022-04-01,3800.746666666670
2022-05-01,4015.569681818180
2022-06-01,3950.261545454550
2022-07-01,4389.144714285710
2022-08-01,4324.014695652170
2022-09-01,4445.919727272730
2022-10-01,4726.851238095240
2022-11-01,4920.762954545450
2022-12-01,4793.102681818180
2023-01-01,4715.022772727270
2023-02-01,4822.551750000000
2023-03-01,4759.074130434780
2023-04-01,4530.263850000000
2023-05-01,4536.509565217390
2023-06-01,4205.262363636360
2023-07-01,4054.682761904760
2023-08-01,4077.895260869570
2023-09-01,4007.122000000000
2023-10-01,4227.933863636360
2023-11-01,4035.886818181820
2023-12-01,3948.096904761900
2024-01-01,3922.445217391300
2024-02-01,3931.980714285710
2024-03-01,3899.277142857140
2024-04-01,3871.302727272730
2024-05-01,3867.875000000000
2024-06-01,4059.682100000000
2024-07-01,4038.107652173910
2024-08-01,4068.281772727270
2024-09-01,4193.888190476190
2024-10-01,4266.347652173910
2024-11-01,4412.056285714290
2024-12-01,4386.384590909090
2025-01-01,4296.386043478260
2025-02-01,4128.803400000000
2025-03-01,4136.473761904760
2025-04-01,4282.851409090910
2025-05-01,4203.472181818180
2025-06-01,4113.358000000000
2025-07-01,4054.745913043480
2025-08-01,4041.317571428570
2025-09-01,3919.622954545450
2025-10-01,3880.271304347830
2025-11-01,3774.163250000000
2025-12-01,3795.693260869570
2026-01-01,3697.973409090910
2026-02-01,3676.204000000000
2026-03-01,3712.278863636360
2026-04-01,3616.707500000000
2026-05-01,3717.783333333330
2026-06-01,3493.567954545450
2026-07-01,3259.160000000000
2026-08-01,3130.921904761900
